{
  "base": "facebook/opt-125m",
  "seed": 0,
  "epochs": 10,
  "list_size": 16,
  "resumed_from": "results/ranker/opt125m-ltr-ep5",
  "loss_history": [
    25.670694869399952,
    23.04237578712058,
    19.983988693278352,
    18.024709576476557,
    16.222905563041518,
    15.007240997037394,
    13.837740270579992,
    12.916122308575874,
    12.513947498421583,
    11.667136284995577
  ]
}